{
  "format_version": "1.8.0",
  "animations": {
    "animation.model.syringe": {
      "animation_length": 3.5,
      "bones": {
        "bone": {
          "rotation": {
            "0.0": {
              "vector": [
                -13.61189,
                -11.21458,
                -7.53001
              ]
            },
            "0.5": {
              "vector": [
                -12.048,
                -15.506,
                -24.97601
              ]
            },
            "1.0": {
              "vector": [
                25.452,
                -15.506,
                -24.97601
              ]
            },
            "2.5": {
              "vector": [
                25.452,
                -15.506,
                -24.97601
              ]
            },
            "3.0": {
              "vector": [
                7.952,
                -15.506,
                -24.97601
              ]
            }
          },
          "position": {
            "0.0": {
              "vector": [
                -5,
                -2,
                7
              ]
            },
            "0.5": {
              "vector": [
                -1,
                3,
                4
              ]
            },
            "1.0": {
              "vector": [
                -1,
                0,
                14
              ]
            },
            "2.5": {
              "vector": [
                -1,
                0,
                14
              ]
            },
            "3.0": {
              "vector": [
                -1,
                -17,
                8
              ]
            }
          }
        }
      }
    }
  }
}