{
	"format_version": "1.8.0",
	"animations": {
		"idle": {
			"loop": true,
			"animation_length": 4,
			"bones": {
				"head": {
					"rotation": {
						"0.0": {
							"vector": [0, 0, 0]
						},
						"0.5": {
							"vector": [0, -12.5, 0]
						},
						"1.0": {
							"vector": [-2.5, -12.5, 0]
						},
						"1.5": {
							"vector": [0, -12.5, 0]
						},
						"2.0": {
							"vector": [-2.5, 17.5, 0]
						},
						"2.5": {
							"vector": [-5, 17.5, 0]
						},
						"3.0": {
							"vector": [0, 17.5, 0]
						},
						"3.5": {
							"vector": [-5, 17.5, 0]
						},
						"4.0": {
							"vector": [0, 0, 0]
						}
					},
					"position": {
						"0.0": {
							"vector": [0, 0, 0]
						},
						"4.0": {
							"vector": [0, 0, 0]
						}
					}
				},
				"finger1": {
					"rotation": {
						"0.0": {
							"vector": [0, 0, 0]
						},
						"0.1667": {
							"vector": [1.65572, -0.21795, 7.49685]
						},
						"0.3333": {
							"vector": [-1.65629, -0.25428, -1.24949]
						},
						"0.5": {
							"vector": [0, 0, 0]
						},
						"1.0": {
							"vector": [5, 0, 0]
						},
						"1.5": {
							"vector": [0, 0, 0]
						},
						"1.6667": {
							"vector": [-7.5, 0, 0]
						},
						"1.8333": {
							"vector": [5, 0, 0]
						},
						"2.0": {
							"vector": [-2.53852, 9.99038, -0.44067]
						},
						"2.1667": {
							"vector": [0, 0, 0]
						},
						"2.5": {
							"vector": [10, 0, 0]
						},
						"3.0": {
							"vector": [-0.83, 0, 0]
						},
						"3.5": {
							"vector": [7.09, 0, 0]
						},
						"4.0": {
							"vector": [0, 0, 0]
						}
					},
					"position": {
						"0.0": {
							"vector": [0, 0, 0]
						},
						"4.0": {
							"vector": [0, 0, 0]
						}
					}
				},
				"finger2": {
					"rotation": {
						"0.0": {
							"vector": [0, 0, 0]
						},
						"0.1667": {
							"vector": [-19.90317, -14.10394, 3.28078]
						},
						"0.3333": {
							"vector": [5.2551, -9.82921, 1.23568]
						},
						"0.5": {
							"vector": [0.41338, -5.55449, -0.80941]
						},
						"1.0": {
							"vector": [2.91338, -5.55449, -0.80941]
						},
						"1.5": {
							"vector": [0.41338, -5.55449, -0.80941]
						},
						"1.6667": {
							"vector": [-9.58662, -5.55449, -0.80941]
						},
						"1.8333": {
							"vector": [7.91338, -5.55449, -0.80941]
						},
						"2.0": {
							"vector": [-17.08662, -5.55449, -0.80941]
						},
						"2.1667": {
							"vector": [0.41338, -5.55449, -0.80941]
						},
						"2.5": {
							"vector": [10.33822, -4.54458, -0.66225]
						},
						"3.0": {
							"vector": [-0.60785, -3.02972, -0.4415]
						},
						"3.5": {
							"vector": [7.19607, -1.51486, -0.22075]
						},
						"4.0": {
							"vector": [0, 0, 0]
						}
					},
					"position": {
						"0.0": {
							"vector": [0, 0, 0]
						},
						"4.0": {
							"vector": [0, 0, 0]
						}
					}
				},
				"finger3": {
					"rotation": {
						"0.0": {
							"vector": [0, 0, 0]
						},
						"0.1667": {
							"vector": [-9.81789, 6.82396, 1.88639]
						},
						"0.3333": {
							"vector": [5.09106, 3.41198, 0.9432]
						},
						"0.5": {
							"vector": [0, 0, 0]
						},
						"1.0": {
							"vector": [5, 0, 0]
						},
						"1.5": {
							"vector": [0, 0, 0]
						},
						"1.6667": {
							"vector": [-20, 0, 0]
						},
						"1.8333": {
							"vector": [2.5, 0, 0]
						},
						"2.0": {
							"vector": [-15, 0, 0]
						},
						"2.1667": {
							"vector": [0, 0, 0]
						},
						"2.5": {
							"vector": [10, 0, 0]
						},
						"3.0": {
							"vector": [1.67, 0, 0]
						},
						"3.5": {
							"vector": [8.34, 0, 0]
						},
						"4.0": {
							"vector": [0, 0, 0]
						}
					},
					"position": {
						"0.0": {
							"vector": [0, 0, 0]
						},
						"4.0": {
							"vector": [0, 0, 0]
						}
					}
				}
			}
		},
		"walk": {
			"loop": true,
			"animation_length": 1.33333,
			"bones": {
				"head": {
					"rotation": {
						"0.0": {
							"vector": [0, 0, 0]
						},
						"0.3333": {
							"vector": [-5, 0, 0]
						},
						"0.6667": {
							"vector": [7.5, 0, 0]
						},
						"1.0": {
							"vector": [-2.5, 0, 0]
						},
						"1.3333": {
							"vector": [0, 0, 0]
						}
					},
					"position": {
						"0.0": {
							"vector": [0, 0, 0]
						},
						"1.3333": {
							"vector": [0, 0, 0]
						}
					}
				},
				"finger1": {
					"rotation": {
						"0.0": {
							"vector": [0, 0, 0]
						},
						"0.3333": {
							"vector": [-2.5, 0, 0]
						},
						"0.6667": {
							"vector": [-15, 0, 0]
						},
						"1.0": {
							"vector": [7.5, 0, 0]
						},
						"1.3333": {
							"vector": [0, 0, 0]
						}
					},
					"position": {
						"0.0": {
							"vector": [0, 0, 0]
						},
						"1.3333": {
							"vector": [0, 0, 0]
						}
					}
				},
				"fbone2": {
					"rotation": {
						"vector": [0, 0, 0]
					},
					"position": {
						"vector": [0, 0, 0]
					}
				},
				"fbone3": {
					"rotation": {
						"0.0": {
							"vector": [0, 0, 0]
						},
						"0.3333": {
							"vector": [-5, 0, 0]
						},
						"0.6667": {
							"vector": [9.17, 0, 0]
						},
						"1.0": {
							"vector": [-4.16, 0, 0]
						},
						"1.3333": {
							"vector": [0, 0, 0]
						}
					},
					"position": {
						"0.0": {
							"vector": [0, 0, 0]
						},
						"1.3333": {
							"vector": [0, 0, 0]
						}
					}
				},
				"fbone1": {
					"rotation": {
						"vector": [0, 0, 0]
					},
					"position": {
						"vector": [0, 0, 0]
					}
				},
				"finger2": {
					"rotation": {
						"0.0": {
							"vector": [0, 0, 0]
						},
						"0.3333": {
							"vector": [-7.5, 0, 0]
						},
						"0.6667": {
							"vector": [-25.78551, 7.22162, 6.48389]
						},
						"1.0": {
							"vector": [5, 0, 0]
						},
						"1.3333": {
							"vector": [0, 0, 0]
						}
					},
					"position": {
						"0.0": {
							"vector": [0, 0, 0]
						},
						"1.3333": {
							"vector": [0, 0, 0]
						}
					}
				},
				"finger3": {
					"rotation": {
						"0.0": {
							"vector": [-25, 0, 0]
						},
						"0.3333": {
							"vector": [5, 0, 0]
						},
						"0.6667": {
							"vector": [-7.5, 0, 0]
						},
						"1.0": {
							"vector": [7.5, 0, 0]
						},
						"1.3333": {
							"vector": [-25, 0, 0]
						}
					},
					"position": {
						"0.0": {
							"vector": [0, 0, 0]
						},
						"1.3333": {
							"vector": [0, 0, 0]
						}
					}
				},
				"fbone6": {
					"rotation": {
						"0.0": {
							"vector": [0, 0, 0]
						},
						"0.3333": {
							"vector": [7.5, 0, 0]
						},
						"0.6667": {
							"vector": [12.5, 0, 0]
						},
						"1.0": {
							"vector": [0, 0, 0]
						},
						"1.3333": {
							"vector": [0, 0, 0]
						}
					},
					"position": {
						"0.0": {
							"vector": [0, 0, 0]
						},
						"1.3333": {
							"vector": [0, 0, 0]
						}
					}
				},
				"fbone7": {
					"rotation": {
						"vector": [0, 0, 0]
					},
					"position": {
						"vector": [0, 0, 0]
					}
				},
				"fbone8": {
					"rotation": {
						"vector": [0, 0, 0]
					},
					"position": {
						"vector": [0, 0, 0]
					}
				},
				"fbone9": {
					"rotation": {
						"0.0": {
							"vector": [0, 0, 0]
						},
						"0.3333": {
							"vector": [17.5, 0, 0]
						},
						"0.6667": {
							"vector": [5, 0, 0]
						},
						"1.0": {
							"vector": [0, 0, 0]
						}
					},
					"position": {
						"vector": [0, 0, 0]
					}
				}
			}
		},
		"swim": {
			"loop": true,
			"animation_length": 1,
			"bones": {
				"head": {
					"rotation": {
						"0.0": {
							"vector": [0, 0, 0]
						},
						"0.3333": {
							"vector": [7.5, 0, 0]
						},
						"0.6667": {
							"vector": [-5, 0, 0]
						},
						"1.0": {
							"vector": [0, 0, 0]
						}
					},
					"position": {
						"0.0": {
							"vector": [0, 0, 0]
						},
						"1.0": {
							"vector": [0, 0, 0]
						}
					}
				},