{
	"format_version": "1.8.0",
	"animations": {
		"idle": {
			"loop": true,
			"animation_length": 4,
			"bones": {
				"Head": {
					"rotation": {
						"0.0": {
							"vector": [0, 0, 0]
						},
						"0.5": {
							"vector": [-12.5, 0, 0]
						},
						"0.8333": {
							"vector": [2.5, 0, 0]
						},
						"1.25": {
							"vector": [12.5, 0, 0]
						},
						"1.5": {
							"vector": [5.3191, -19.92066, -1.81693]
						},
						"2.0": {
							"vector": [5.92236, 32.36121, 3.17805]
						},
						"2.5": {
							"vector": [12.5, 0, 0]
						},
						"3.0": {
							"vector": [5, 0, 0]
						},
						"3.5": {
							"vector": [10, 0, 0]
						},
						"4.0": {
							"vector": [0, 0, 0]
						}
					},
					"position": {
						"0.0": {
							"vector": [0, 0, 0]
						},
						"0.5": {
							"vector": [0, 0, -1]
						},
						"1.25": {
							"vector": [0, 0, -0.5]
						},
						"4.0": {
							"vector": [0, 0, 0]
						}
					}
				},
				"Body": {
					"rotation": {
						"0.0": {
							"vector": [0, 0, 0]
						},
						"4.0": {
							"vector": [0, 0, 0]
						}
					},
					"position": {
						"0.0": {
							"vector": [0, 0, 0]
						},
						"4.0": {
							"vector": [0, 0, 0]
						}
					}
				},
				"Chest1": {
					"rotation": {
						"0.0": {
							"vector": [0, 0, 0]
						},
						"0.5": {
							"vector": [5, 0, 0]
						},
						"0.8333": {
							"vector": [7.5, 0, 0]
						},
						"1.25": {
							"vector": [5, 0, 0]
						},
						"1.5": {
							"vector": [2.05, 0, 0]
						},
						"2.0": {
							"vector": [1.64, 0, 0]
						},
						"2.5": {
							"vector": [5.6, 0, 0]
						},
						"3.0": {
							"vector": [1.23, 0, 0]
						},
						"3.5": {
							"vector": [3.12, 0, 0]
						},
						"4.0": {
							"vector": [0, 0, 0]
						}
					},
					"position": {
						"0.0": {
							"vector": [0, 0, 0]
						},
						"4.0": {
							"vector": [0, 0, 0]
						}
					}
				},
				"RArm": {
					"rotation": {
						"0.0": {
							"vector": [0, 0, 0]
						},
						"0.5": {
							"vector": [-76.5064, -21.93857, -5.123]
						},
						"0.8333": {
							"vector": [-70.83564, -8.10693, 0.80753]
						},
						"1.25": {
							"vector": [-0.16487, 5.72472, 6.73805]
						},
						"1.5": {
							"vector": [0.83499, 5.66609, 16.78761]
						},
						"2.0": {
							"vector": [0.08583, 5.72644, 9.25059]
						},
						"2.5": {
							"vector": [1.32713, 5.57169, 21.81087]
						},
						"3.0": {
							"vector": [0.33636, 5.71723, 11.76309]
						},
						"3.5": {
							"vector": [-14.91417, 5.72644, 9.25059]
						},
						"4.0": {
							"vector": [0, 0, 0]
						}
					},
					"position": {
						"0.0": {
							"vector": [0, 0, 0]
						},
						"1.25": {
							"vector": [0, 0, -1]
						},
						"1.5": {
							"vector": [0, 0, -0.5]
						},
						"4.0": {
							"vector": [0, 0, 0]
						}
					}
				},
				"Rarm2": {
					"rotation": {
						"0.0": {
							"vector": [0, 0, 0]
						},
						"0.5": {
							"vector": [-32.5, 0, 0]
						},
						"0.8333": {
							"vector": [-51.0261, -19.92673, -15.41525]
						},
						"1.25": {
							"vector": [-20, 0, 0]
						},
						"1.5": {
							"vector": [-35, 0, 0]
						},
						"2.0": {
							"vector": [-10, 0, 0]
						},
						"2.5": {
							"vector": [-17.5, 0, 0]
						},
						"3.0": {
							"vector": [-10, 0, 0]
						},
						"3.5": {
							"vector": [-20, 0, 0]
						},
						"4.0": {
							"vector": [0, 0, 0]
						}
					},
					"position": {
						"0.0": {
							"vector": [0, 0, 0]
						},
						"4.0": {
							"vector": [0, 0, 0]
						}
					}
				},
				"LArm": {
					"rotation": {
						"0.0": {
							"vector": [0, 0, 0]
						},
						"0.5": {
							"vector": [-76.18107, 13.80192, 10.86531]
						},
						"0.8333": {
							"vector": [-71.91629, 25.50996, 6.47887]
						},
						"1.25": {
							"vector": [8.92777, -1.02531, -10.17262]
						},
						"1.5": {
							"vector": [8.98483, 0.14393, -17.58127]
						},
						"2.0": {
							"vector": [8.80601, -1.79648, -5.23092]
						},
						"2.5": {
							"vector": [8.98483, 0.14393, -17.58127]
						},
						"3.0": {
							"vector": [8.87521, -1.41221, -7.70218]
						},
						"4.0": {
							"vector": [0, 0, 0]
						}
					},
					"position": {
						"0.0": {
							"vector": [0, 0, 0]
						},
						"1.25": {
							"vector": [0, 0, -1]
						},
						"1.5": {
							"vector": [0, 0, -0.5]
						},
						"2.0": {
							"vector": [0.5, 0, -0.5]
						},
						"4.0": {
							"vector": [0, 0, 0]
						}
					}
				},
				"Larm2": {
					"rotation": {
						"0.0": {
							"vector": [0, 0, 0]
						},
						"0.5": {
							"vector": [-22.5, 0, 0]
						},
						"0.8333": {
							"vector": [-50, 0, 0]
						},
						"4.0": {
							"vector": [0, 0, 0]
						}
					},
					"position": {
						"0.0": {
							"vector": [0, 0, 0]
						},
						"4.0": {
							"vector": [0, 0, 0]
						}
					}
				},
				"Rleg2": {
					"rotation": {
						"0.0": {
							"vector": [0, 0, 0]
						},
						"4.0": {
							"vector": [0, 0, 0]
						}
					},
					"position": {
						"0.0": {
							"vector": [0, 0, 0]
						},
						"4.0": {
							"vector": [0, 0, 0]
						}
					}
				},
				"Lleg2": {
					"rotation": {
						"0.0": {
							"vector": [0, 0, 0]
						},
						"4.0": {
							"vector": [0, 0, 0]
						}
					},
					"position": {
						"0.0": {
							"vector": [0, 0, 0]
						},
						"4.0": {
							"vector": [0, 0, 0]
						}
					}
				}
			}
		},
		"walk": {
			"loop": true,
			"animation_length": 1.33333,
			"bones": {
				"Head": {
					"rotation": {
						"0.0": {
							"vector": [-2.47864, -0.32621, -7.49294]
						},
						"0.3333": {
							"vector": [-7.53793, -0.43399, 9.99067]
						},
						"0.6667": {
							"vector": [-2.36002, -2.16807, 0.0913]
						},
						"1.0": {
							"vector": [0.02793, -1.08746, 5.0331]
						},
						"1.3333": {
							"vector": [-2.47864, -0.32621, -7.49294]
						}
					},
					"position": {
						"0.0": {
							"vector": [0, 0, 0]
						},
						"1.3333": {
							"vector": [0, 0, 0]
						}
					}
				},
				"Body": {
					"rotation": {
						"0.0": {
							"vector": [0, 0, 0]
						},
						"1.3333": {
							"vector": [0, 0, 0]
						}
					},
					"position": {
						"0.0": {
							"vector": [0, 0, 0]
						},
						"1.3333": {
							"vector": [0, 0, 0]
						}
					}
				},
				"Chest1": {
					"rotation": {
						"0.0": {
							"vector": [7.49294, 0.32621, -2.47864]
						},
						"0.3333": {
							"vector": [7.48589, -0.43475, 3.30489]
						},
						"0.6667": {
							"vector": [7.4577, 0.75974, -5.78381]
						},
						"1.0": {
							"vector": [7.48589, -0.43475, 3.30489]
						},
						"1.3333": {
							"vector": [7.49294, 0.32621, -2.47864]
						}
					},
					"position": {
						"0.0": {
							"vector": [0, 0, 0]
						},
						"1.3333": {
							"vector": [0, 0, 0]
						}
					}
				},
				"RArm": {
					"rotation": {
						"0.0": {
							"vector": [-77.5, 0, 0]
						},
						"0.3333": {
							"vector": [-99.99067, 0.43399, 2.46207]
						},
						"0.6667": {
							"vector": [-75, 0, 0]
						},
						"1.0": {
							"vector": [-85.01893, -0.43523, 4.98107]
						},
						"1.3333": {
							"vector": [-77.5, 0, 0]
						}
					},
					"position": {
						"0.0": {
							"vector": [-1, 0, 0]
						},
						"0.3333": {
							"vector": [-0.5, 0, 0]
						},
						"0.6667": {
							"vector": [-0.5, 0, 0]
						},
						"1.3333": {
							"vector": [-1, 0, 0]
						}
					}
				},
				"Rarm2": {
					"rotation": {
						"0.0": {
							"vector": [-12.5, 0, 0]
						},
						"0.3333": {
							"vector": [-27.5, 0, 0]
						},
						"0.6667": {
							"vector": [-5, 0, 0]
						},
						"1.0": {
							"vector": [-16.25, 0, 0]
						},
						"1.3333": {
							"vector": [-12.5, 0, 0]
						}
					},
					"position": {
						"0.0": {
							"vector": [0, 0, 0]
						},