{
	"format_version": "1.8.0",
	"animations": {
		"idle": {
			"loop": true,
			"animation_length": 3.625,
			"bones": {
				"head": {
					"rotation": {
						"0.0": {
							"vector": [0, 0, 0]
						},
						"0.5": {
							"vector": [10, 0, 0]
						},
						"0.75": {
							"vector": [-15, 0, 0]
						},
						"1.0": {
							"vector": [-15.3084, -12.73995, 0.30958]
						},
						"1.1667": {
							"vector": [-15.71756, 18.96808, -6.92628]
						},
						"1.3333": {
							"vector": [-15.10836, -7.86228, -0.80805]
						},
						"1.75": {
							"vector": [0.65237, -4.49273, -0.46174]
						},
						"2.25": {
							"vector": [10, 0, 0]
						},
						"2.5833": {
							"vector": [5, 0, 0]
						},
						"2.875": {
							"vector": [2.5, 0, 0]
						},
						"3.2083": {
							"vector": [5, 0, 0]
						},
						"3.625": {
							"vector": [0, 0, 0]
						}
					},
					"position": {
						"0.0": {
							"vector": [0, 0, 0]
						},
						"0.5": {
							"vector": [0, 0, -2]
						},
						"0.75": {
							"vector": [0, 0, 2]
						},
						"1.0": {
							"vector": [0, 0, 2]
						},
						"1.1667": {
							"vector": [0, 0, 2.67]
						},
						"1.3333": {
							"vector": [0, 0, 2.34]
						},
						"1.75": {
							"vector": [0, 0, 0]
						},
						"2.25": {
							"vector": [0, 0, -2]
						},
						"2.5833": {
							"vector": [0, 0, -2.5]
						},
						"2.875": {
							"vector": [0, 0, 0]
						},
						"3.2083": {
							"vector": [0, 0, -2.5]
						},
						"3.625": {
							"vector": [0, 0, 0]
						}
					}
				},
				"body": {
					"rotation": {
						"0.0": {
							"vector": [0, 0, 0]
						},
						"0.5": {
							"vector": [7.5, 0, 0]
						},
						"0.75": {
							"vector": [-10, 0, 0]
						},
						"1.0": {
							"vector": [-10.2614, -14.8687, 2.00307]
						},
						"1.1667": {
							"vector": [-10.2614, 14.8687, -2.00307]
						},
						"1.3333": {
							"vector": [-10.02832, -4.95712, 0.65426]
						},
						"1.75": {
							"vector": [-0.01618, -2.83264, 0.37387]
						},
						"2.25": {
							"vector": [7.5, 0, 0]
						},
						"2.5833": {
							"vector": [10, 0, 0]
						},
						"2.875": {
							"vector": [0, 0, 0]
						},
						"3.2083": {
							"vector": [10, 0, 0]
						},
						"3.625": {
							"vector": [0, 0, 0]
						}
					},
					"position": {
						"0.0": {
							"vector": [0, 0, 0]
						},
						"3.625": {
							"vector": [0, 0, 0]
						}
					}
				},
				"Rarm": {
					"rotation": {
						"0.0": {
							"vector": [0, 0, 0]
						},
						"0.75": {
							"vector": [0, 0, 0]
						},
						"1.0": {
							"vector": [0, 0, 0]
						},
						"1.1667": {
							"vector": [0, 0, 10]
						},
						"1.3333": {
							"vector": [0, 0, 0]
						},
						"3.625": {
							"vector": [0, 0, 0]
						}
					},
					"position": {
						"0.0": {
							"vector": [0, 0, 0]
						},
						"0.75": {
							"vector": [0, 0, 0]
						},
						"3.625": {
							"vector": [0, 0, 0]
						}
					}
				},
				"Larm": {
					"rotation": {
						"0.0": {
							"vector": [0, 0, 0]
						},
						"0.75": {
							"vector": [0, 0, -11.67]
						},
						"1.0": {
							"vector": [0, 0, 0]
						},
						"1.1667": {
							"vector": [0, 0, -27.5]
						},
						"1.3333": {
							"vector": [0, 0, 0]
						},
						"3.625": {
							"vector": [0, 0, 0]
						}
					},
					"position": {
						"0.0": {
							"vector": [0, 0, 0]
						},
						"0.75": {
							"vector": [0, 0, 0]
						},
						"3.625": {
							"vector": [0, 0, 0]
						}
					}
				},
				"Lleg": {
					"rotation": {
						"0.0": {
							"vector": [0, 0, 0]
						},
						"0.5": {
							"vector": [0, 0, 0]
						},
						"0.75": {
							"vector": [2.79327, 2.48446, -0.89108]
						},
						"1.0": {
							"vector": [0.29327, 2.48446, -0.89108]
						},
						"1.1667": {
							"vector": [2.71298, -7.50914, -0.52404]
						},
						"1.75": {
							"vector": [2.73961, -5.01079, -0.61869]
						},
						"2.25": {
							"vector": [0, 0, 0]
						},
						"3.625": {
							"vector": [0, 0, 0]
						}
					},
					"position": {
						"0.0": {
							"vector": [0, 0, 0]
						},
						"0.5": {
							"vector": [0, 0, 0]
						},
						"2.25": {
							"vector": [0, 0, 0]
						},
						"3.625": {
							"vector": [0, 0, 0]
						}
					}
				},
				"Lleg2": {
					"rotation": {
						"0.0": {
							"vector": [0, 0, 0]
						},
						"0.5": {
							"vector": [0, 0, 0]
						},
						"0.75": {
							"vector": [-2.5, 0, 0]
						},
						"1.0": {
							"vector": [0, 0, 0]
						},
						"1.1667": {
							"vector": [-2.5, 0, 0]
						},
						"1.75": {
							"vector": [-2.5, 0, 0]
						},
						"2.25": {
							"vector": [0, 0, 0]
						}
					},
					"position": {
						"0.0": {
							"vector": [0, 0, 0]
						},
						"0.5": {
							"vector": [0, 0, 0]
						},
						"2.25": {
							"vector": [0, 0, 0]
						}
					}
				},
				"Rleg": {
					"rotation": {
						"0.0": {
							"vector": [0, 0, 0]
						},
						"0.5": {
							"vector": [0, 0, 0]
						},
						"0.75": {
							"vector": [7.63811, -7.48685, 0.69476]
						},
						"1.0": {
							"vector": [4.89248, 0.0925, 2.90174]
						},
						"1.1667": {
							"vector": [7.53409, 7.502, 0.1056]
						},
						"1.75": {
							"vector": [2.58696, 2.50584, 0.30867]
						},
						"2.25": {
							"vector": [0, 0, 0]
						},
						"3.625": {
							"vector": [0, 0, 0]
						}
					},
					"position": {
						"0.0": {
							"vector": [0, 0, 0]
						},
						"0.5": {
							"vector": [0, 0, 0]
						},
						"2.25": {
							"vector": [0, 0, 0]
						},
						"3.625": {
							"vector": [0, 0, 0]
						}
					}
				},
				"Rleg2": {
					"rotation": {
						"0.0": {
							"vector": [0, 0, 0]
						},
						"0.5": {
							"vector": [0, 0, 0]
						},
						"0.75": {
							"vector": [-7.5, 0, 0]
						},
						"1.0": {
							"vector": [-5, 0, 0]
						},
						"1.1667": {
							"vector": [-7.5, 0, 0]
						},
						"1.75": {
							"vector": [-2.5, 0, 0]
						},
						"2.25": {
							"vector": [0, 0, 0]
						}
					},
					"position": {
						"0.0": {
							"vector": [0, 0, 0]
						},
						"0.5": {
							"vector": [0, 0, 0]
						},
						"2.25": {
							"vector": [0, 0, 0]
						}
					}
				}
			}
		},
		"walk": {
			"loop": true,
			"animation_length": 2,
			"bones": {
				"head": {
					"rotation": {
						"0.0": {
							"vector": [0, 0, -5]
						},
						"0.5": {
							"vector": [4.92223, -0.97558, 4.95098]
						},
						"1.0": {
							"vector": [0, 0, -5]
						},
						"1.5": {
							"vector": [-2.5, 0, -2.5]
						},
						"2.0": {
							"vector": [0, 0, -5]
						}
					},
					"position": {
						"0.0": {
							"vector": [-1, 0, 0]
						},
						"0.5": {
							"vector": [1, 0, 0.5]
						},
						"1.0": {
							"vector": [-1, 0, 0]
						},
						"1.5": {
							"vector": [-0.5, 0, 2]
						},
						"2.0": {
							"vector": [-1, 0, 0]
						}
					}
				},
				"body": {
					"rotation": {
						"0.0": {
							"vector": [2.16883, 7.60185, -2.51978]
						},
						"0.5": {
							"vector": [-2.2362, -5.37438, 3.8656]
						},
						"1.0": {
							"vector": [2.16883, 7.60185, -2.51978]
						},
						"1.5": {
							"vector": [-7.8087, -2.38611, -2.02792]
						},
						"2.0": {
							"vector": [2.16883, 7.60185, -2.51978]
						}
					},
					"position": {
						"0.0": {
							"vector": [0, 0, 0]
						},
						"1.0": {
							"vector": [0, 0, 0]
						},
						"2.0": {
							"vector": [0, 0, 0]
						}
					}
				},
				"Rarm": {
					"rotation": {
						"0.0": {
							"vector": [0, 0, 0]
						},
						"0.5": {
							"vector": [0, 0, -15]
						},
						"1.0": {
							"vector": [0, 0, 0]
						}
					},
					"position": {
						"0.0": {
							"vector": [0, 0, 0]
						},
						"1.0": {
							"vector": [0, 0, 0]
						}
					}
				},
				"Larm": {
					"rotation": {
						"0.0": {
							"vector": [0, 0, 0]
						},